Sample,pCO2,Temp,Stage
HH1_Ga.genes.results,1050,17,gastrula
HH1_Pr.genes.results,1050,17,prism
HH2_Ga.genes.results,1050,17,gastrula
HH2_Pr.genes.results,1050,17,prism
HH3_Ga.genes.results,1050,17,gastrula
HH3_Pr.genes.results,1050,17,prism
HL1_Ga.genes.results,475,17,gastrula
HL1_Pr.genes.results,475,17,prism
HL2_Ga.genes.results,475,17,gastrula
HL2_Pr.genes.results,475,17,prism
HL3_Ga.genes.results,475,17,gastrula
HL3_Pr.genes.results,475,17,prism
LH1_Ga.genes.results,1050,13,gastrula
LH1_Pr.genes.results,1050,13,prism
LH2_Ga.genes.results,1050,13,gastrula
LH2_Pr.genes.results,1050,13,prism
LH3_Ga.genes.results,1050,13,gastrula
LH3_Pr.genes.results,1050,13,prism
LL1_Ga.genes.results,475,13,gastrula
LL1_Pr.genes.results,475,13,prism
LL2_Ga.genes.results,475,13,gastrula
LL2_Pr.genes.results,475,13,prism
LL3_Ga.genes.results,475,13,gastrula
LL3_Pr.genes.results,475,13,prism