Sample,length,pCO2,Temp
HH1_Ga.genes.results,0.151946,1050,17
HH2_Ga.genes.results,0.149271886,1050,17
HH3_Ga.genes.results,0.148736886,1050,17
HL1_Ga.genes.results,0.156169771,475,17
HL2_Ga.genes.results,0.157216343,475,17
HL3_Ga.genes.results,0.152777886,475,17
LH1_Ga.genes.results,0.145262371,1050,13
LH2_Ga.genes.results,0.145196114,1050,13
LH3_Ga.genes.results,0.147287943,1050,13
LL1_Ga.genes.results,0.153894629,475,13
LL2_Ga.genes.results,0.154554514,475,13
LL3_Ga.genes.results,0.155964543,475,13