Sample,LT50,length,pCO2,Temp,Stage
HH1_Pr.genes.results,29.3,0.199969,1050,17,prism
HH2_Pr.genes.results,29.3,0.191820257,1050,17,prism
HH3_Pr.genes.results,29.3,0.199587543,1050,17,prism
HL1_Pr.genes.results,29.4,0.201894714,475,17,prism
HL2_Pr.genes.results,29.4,0.201338514,475,17,prism
HL3_Pr.genes.results,29.4,0.198822343,475,17,prism
LH1_Pr.genes.results,29.1,0.154458057,1050,13,prism
LH2_Pr.genes.results,29.1,0.158083514,1050,13,prism
LH3_Pr.genes.results,29.1,0.164940286,1050,13,prism
LL1_Pr.genes.results,29.1,0.165622,475,13,prism
LL2_Pr.genes.results,29.1,0.169118371,475,13,prism
LL3_Pr.genes.results,29.1,0.175652286,475,13,prism